[
    {
        "name": "Mageirocophobia (Fear of Cooking)",
        "description": "Mageirocophobia occurs when you\u2019re fearful of cooking or the idea of cooking. You may experience intense anxiety or go out of your way to avoid cooking. For many people, this phobia stems from not wanting to make mistakes.",
        "What is mageirocophobia?": {
            "keywords": []
        },
        "What does mageirocophobia mean?": {
            "keywords": []
        },
        "What are mageirocophobia causes?": {
            "keywords": []
        },
        "What are mageirocophobia symptoms?": {
            "keywords": [
                "nausea",
                "excessive sweating"
            ]
        },
        "How is mageirocophobia diagnosed?": {
            "keywords": []
        },
        "What is mageirocophobia treatment like?": {
            "keywords": [
                "medication",
                "exposure therapy"
            ]
        },
        "Is there anything I can do to prevent mageirocophobia?": {
            "keywords": []
        },
        "What is the outlook for people with mageirocophobia?": {
            "keywords": []
        },
        "What else is important to know about overcoming mageirocophobia?": {
            "keywords": []
        }
    },
    {
        "name": "Megalophobia",
        "description": "People with megalophobia have an intense fear of large objects such as skyscrapers, airplanes and big statues. Like other specific phobias, megalophobia is highly treatable with a psychological therapy called exposure therapy.",
        "What is megalophobia?": {
            "keywords": []
        },
        "What kind of large objects are people with megalophobia afraid of?": {
            "keywords": []
        },
        "Who does megalophobia affect?": {
            "keywords": []
        },
        "Is megalophobia common?": {
            "keywords": []
        },
        "What are the signs and symptoms of megalophobia?": {
            "keywords": [
                "fear and anxiety",
                "desire to escape",
                "lightheaded",
                "shortness of breath",
                "rapid heartbeat",
                "dizzy"
            ]
        },
        "What causes megalophobia?": {
            "keywords": []
        },
        "How is megalophobia diagnosed?": {
            "keywords": []
        },
        "Is there a test for megalophobia?": {
            "keywords": []
        },
        "How is megalophobia treated?": {
            "keywords": [
                "fear and anxiety",
                "medication",
                "exposure therapy",
                "psychotherapy"
            ]
        },
        "What medications are used to treat megalophobia?": {
            "keywords": []
        },
        "Is there a cure for megalophobia?": {
            "keywords": []
        },
        "What are the risk factors for developing megalophobia?": {
            "keywords": []
        },
        "What is the prognosis (outlook) for megalophobia?": {
            "keywords": []
        },
        "How can I take care of myself if I have megalophobia?": {
            "keywords": []
        },
        "What questions should I ask my doctor?": {
            "keywords": []
        }
    },
    {
        "name": "Melanophobia (Fear of the Color Black or Dark Colors)",
        "description": "Melanophobia is an unhealthy fear of the color black or dark colors. It\u2019s a specific phobia, which means it\u2019s an intense and overwhelming fear of a particular situation But you don\u2019t have to let this fear control your life. Treatments like exposure therapy can help.",
        "What is melanophobia?": {
            "keywords": []
        },
        "Do I have melanophobia?": {
            "keywords": []
        },
        "What causes melanophobia?": {
            "keywords": []
        },
        "What are melanophobia symptoms?": {
            "keywords": [
                "medication",
                "nausea"
            ]
        },
        "How is melanophobia diagnosed?": {
            "keywords": []
        },
        "What is melanophobia treatment like?": {
            "keywords": [
                "medication",
                "exposure therapy"
            ]
        },
        "Is there anything I can do to prevent melanophobia?": {
            "keywords": []
        },
        "What is the outlook for people with melanophobia?": {
            "keywords": []
        },
        "What else is important to know about living with melanophobia?": {
            "keywords": []
        }
    },
    {
        "name": "Microphobia (Fear of Small Things)",
        "description": "Microphobia is an intense fear of small things, like germs and insects. Trying to avoid little things can lead to negative thoughts and behaviors that affect daily life. Symptoms worsen over time, but therapy can help you get better.",
        "What is microphobia?": {
            "keywords": []
        },
        "Do I have microphobia?": {
            "keywords": []
        },
        "What causes microphobia?": {
            "keywords": []
        },
        "What are microphobia symptoms?": {
            "keywords": [
                "trembling"
            ]
        },
        "How is microphobia diagnosed?": {
            "keywords": []
        },
        "What is microphobia treatment like?": {
            "keywords": [
                "medication",
                "exposure therapy"
            ]
        },
        "Is there anything I can do to prevent microphobia?": {
            "keywords": []
        },
        "What is the outlook for people with microphobia?": {
            "keywords": []
        },
        "What else is important to know about living with microphobia?": {
            "keywords": []
        }
    },
    {
        "name": "Mysophobia (Germophobia)",
        "description": "Mysophobia is an extreme fear of germs. You may go out of your way to avoid situations that expose you to germs. The phobia and steps you take to avoid it worsen over time. You may find yourself stuck in a cycle of repetitive behaviors that affect your quality of life, similar to obsessive-compulsive disorder (OCD).",
        "What is mysophobia?": {
            "keywords": []
        },
        "Do I have mysophobia?": {
            "keywords": []
        },
        "What are some other mysophobia facts?": {
            "keywords": []
        },
        "What are the causes of mysophobia?": {
            "keywords": []
        },
        "What are mysophobia symptoms?": {
            "keywords": [
                "rapid heartbeat",
                "lightheaded"
            ]
        },
        "How is mysophobia diagnosed?": {
            "keywords": []
        },
        "How can I overcome mysophobia?": {
            "keywords": [
                "exposure therapy"
            ]
        },
        "Can other treatments help me cope with mysophobia?": {
            "keywords": [
                "medication"
            ]
        },
        "Is there anything I can do to prevent mysophobia?": {
            "keywords": []
        },
        "What is the outlook for people with mysophobia?": {
            "keywords": []
        },
        "What else is important to know about mysophobia?": {
            "keywords": []
        }
    }
]