[
    {
        "name": "Gamophobia (Fear of Commitment)",
        "description": "Gamophobia \u2014 a fear of commitment or fear of marriage \u2014 can keep you from enjoying meaningful relationships. A painful breakup, divorce or abandonment during childhood or adulthood may make you afraid to commit to someone you love. Psychotherapy (talk therapy) can help you overcome this commitment phobia.",
        "What is gamophobia?": {
            "keywords": []
        },
        "How common is gamophobia?": {
            "keywords": []
        },
        "Who is at risk for gamophobia?": {
            "keywords": []
        },
        "What other phobias are associated with commitment phobia?": {
            "keywords": []
        },
        "Why do I have a fear of commitment?": {
            "keywords": []
        },
        "What are gamophobia symptoms?": {
            "keywords": [
                "trembling",
                "heart palpitations",
                "upset stomach",
                "lightheaded",
                "upset stomach or indigestion",
                "nausea",
                "shortness of breath",
                "chills",
                "excessive sweating"
            ]
        },
        "How is gamophobia diagnosed?": {
            "keywords": []
        },
        "How do you get over fear of commitment?": {
            "keywords": []
        },
        "What are the complications of gamophobia?": {
            "keywords": []
        },
        "When should I call the doctor?": {
            "keywords": []
        }
    },
    {
        "name": "Genuphobia (Fear of Knees)",
        "description": "People with genuphobia, a fear of knees, may be repulsed by how knees look. Or they may worry about their vulnerability to knee injuries, like ACL tears and knee dislocations. They may experience anxiety when seeing or touching knees, crossing legs or having to kneel. Psychotherapies like cognitive behavioral therapy (CBT) and exposure therapy can help.",
        "What is genuphobia?": {
            "keywords": []
        },
        "What do people with genuphobia fear?": {
            "keywords": []
        },
        "How common is genuphobia?": {
            "keywords": []
        },
        "Who is at risk for genuphobia?": {
            "keywords": []
        },
        "What other phobias are associated with genuphobia?": {
            "keywords": []
        },
        "Why do I have a fear of knees?": {
            "keywords": []
        },
        "What are the symptoms of genuphobia?": {
            "keywords": [
                "trembling",
                "heart palpitations",
                "upset stomach",
                "lightheaded",
                "upset stomach or indigestion",
                "nausea",
                "shortness of breath",
                "chills",
                "excessive sweating"
            ]
        },
        "How is genuphobia diagnosed?": {
            "keywords": []
        },
        "How do you treat fear of knees?": {
            "keywords": [
                "exposure therapy",
                "psychotherapy"
            ]
        },
        "What are the complications of genuphobia?": {
            "keywords": []
        },
        "When should I call the doctor?": {
            "keywords": []
        },
        "What questions should I ask my doctor?": {
            "keywords": []
        }
    }
]