[
    {
        "name": "Tachophobia (Fear of Speed)",
        "description": "Tachophobia is the irrational fear of speed. It may relate to a fear of driving. People may be afraid of any fast-moving vehicle, including cars, buses or trains. They may also refuse to watch quick sequences, such as in action movies or sports. Often, the fear stems from past trauma, like witnessing or surviving a car accident.",
        "What is tachophobia?": {
            "keywords": []
        },
        "Who might get tachophobia?": {
            "keywords": []
        },
        "How common is tachophobia?": {
            "keywords": []
        },
        "What causes tachophobia?": {
            "keywords": []
        },
        "What are the symptoms of tachophobia?": {
            "keywords": [
                "nausea",
                "shortness of breath",
                "trembling",
                "heart palpitations"
            ]
        },
        "How is tachophobia diagnosed?": {
            "keywords": []
        },
        "How is tachophobia treated?": {
            "keywords": [
                "medication",
                "exposure therapy"
            ]
        },
        "How can I prevent tachophobia?": {
            "keywords": []
        },
        "Are there long-term effects of tachophobia?": {
            "keywords": []
        },
        "What else should I ask my healthcare provider?": {
            "keywords": []
        }
    },
    {
        "name": "Technophobia",
        "description": "Technophobia is an overwhelming fear of technology. People with technophobia may fear computers, cell phones or the powers of artificial intelligence. It is most common in older adults and people who are generally anxious about the future. Media portayals of \u201ctechnology gone wrong\u201d may also contribute to technophobia.",
        "What is technophobia?": {
            "keywords": []
        },
        "Is technophobia a mental illness?": {
            "keywords": []
        },
        "Who might get technophobia?": {
            "keywords": []
        },
        "How common is technophobia?": {
            "keywords": []
        },
        "What causes technophobia?": {
            "keywords": []
        },
        "What are the symptoms of technophobia?": {
            "keywords": [
                "nausea",
                "shortness of breath",
                "heart palpitations"
            ]
        },
        "How is technophobia diagnosed?": {
            "keywords": []
        },
        "How is technophobia treated?": {
            "keywords": [
                "panic attack",
                "medication",
                "exposure therapy"
            ]
        },
        "How can I reduce my risk of technophobia?": {
            "keywords": []
        },
        "What is the outlook for people with technophobia?": {
            "keywords": []
        },
        "How can I best learn to cope with a fear of technology?": {
            "keywords": []
        }
    },
    {
        "name": "Thanatophobia (Fear of Death)",
        "description": "Thanatophobia is an extreme fear of death or the dying process. You might be scared of your own death or the death of a loved one. Psychotherapy can help most people overcome this disorder.",
        "What is thanatophobia?": {
            "keywords": []
        },
        "What\u2019s the difference between thanatophobia and necrophobia?": {
            "keywords": []
        },
        "Is thanatophobia normal?": {
            "keywords": []
        },
        "How common is thanatophobia?": {
            "keywords": []
        },
        "Who is at risk for thanatophobia?": {
            "keywords": []
        },
        "What causes thanatophobia?": {
            "keywords": []
        },
        "What are the symptoms of thanatophobia?": {
            "keywords": [
                "trembling",
                "heart palpitations",
                "upset stomach",
                "lightheaded",
                "upset stomach or indigestion",
                "nausea",
                "shortness of breath",
                "chills",
                "panic attack",
                "excessive sweating"
            ]
        },
        "How is thanatophobia diagnosed?": {
            "keywords": []
        },
        "How is thanatophobia managed or treated?": {
            "keywords": [
                "fear and anxiety",
                "medication",
                "exposure therapy",
                "psychotherapy"
            ]
        },
        "Is there a way to prevent thanatophobia?": {
            "keywords": []
        },
        "What\u2019s the prognosis (outlook) for people with thanatophobia?": {
            "keywords": []
        },
        "When should I call the doctor?": {
            "keywords": []
        }
    },
    {
        "name": "Tokophobia (Fear of Childbirth)",
        "description": "Tokophobia is an extreme fear of childbirth. The condition causes some people to take excessive measures to avoid getting pregnant. People who do become pregnant may dread each week of pregnancy instead of enjoying it. With therapy and extra support, this condition can be overcome.",
        "What is tokophobia?": {
            "keywords": []
        },
        "Do I have tokophobia?": {
            "keywords": []
        },
        "What causes tokophobia?": {
            "keywords": []
        },
        "What are tokophobia symptoms?": {
            "keywords": []
        },
        "How is tokophobia diagnosed?": {
            "keywords": []
        },
        "How is tokophobia treated?": {
            "keywords": [
                "medication"
            ]
        },
        "Is there anything I can do to prevent tokophobia?": {
            "keywords": []
        },
        "Can tokophobia be cured?": {
            "keywords": []
        },
        "What else is important to know about overcoming tokophobia?": {
            "keywords": []
        }
    },
    {
        "name": "Trypanophobia (Fear of Needles)",
        "description": "Trypanophobia is the intense fear of needles. Specifically, people with trypanophobia fear needles in medical settings. They may avoid getting vaccines, blood draws or intravenous (IV) fluids. Although needle phobia is common, it can have severe consequences if it causes you to avoid or delay medical care. Treatment can help.",
        "What is trypanophobia?": {
            "keywords": []
        },
        "Who might get trypanophobia?": {
            "keywords": []
        },
        "How common is trypanophobia?": {
            "keywords": []
        },
        "What causes trypanophobia?": {
            "keywords": []
        },
        "What are the symptoms of trypanophobia?": {
            "keywords": [
                "panic attack",
                "nausea",
                "heart palpitations"
            ]
        },
        "How is trypanophobia diagnosed?": {
            "keywords": []
        },
        "How is trypanophobia treated?": {
            "keywords": [
                "medication",
                "exposure therapy"
            ]
        },
        "How can I overcome trypanophobia?": {
            "keywords": [
                "dizzy"
            ]
        },
        "Are there other conditions that put me at higher risk?": {
            "keywords": []
        },
        "Are there long-term effects from trypanophobia?": {
            "keywords": []
        },
        "What should I ask my doctor?": {
            "keywords": []
        },
        "How do I know if I have trypanophobia?": {
            "keywords": []
        }
    },
    {
        "name": "Trypophobia",
        "description": "Trypophobia brings on feelings of disgust or fear when you see patterns with lots of holes. Sunflowers, honeycombs, sponges and seedy fruits can cause this response. Trypophobia is a type of anxiety disorder. Most people don\u2019t have a true fear of holes. Exposure therapy may help you manage repulsions to holey patterns.",
        "What is trypophobia?": {
            "keywords": []
        },
        "What are trypophobia triggers?": {
            "keywords": []
        },
        "How common is trypophobia?": {
            "keywords": []
        },
        "What causes trypophobia?": {
            "keywords": []
        },
        "How do you get trypophobia?": {
            "keywords": []
        },
        "What are trypophobia symptoms?": {
            "keywords": [
                "nausea",
                "trembling",
                "chills"
            ]
        },
        "How is trypophobia diagnosed?": {
            "keywords": []
        },
        "Is there a trypophobia cure?": {
            "keywords": []
        },
        "What are the complications of trypophobia?": {
            "keywords": []
        },
        "Can you prevent trypophobia?": {
            "keywords": []
        },
        "What is the prognosis (outlook) for people who have trypophobia?": {
            "keywords": []
        },
        "When should I call the doctor?": {
            "keywords": []
        },
        "What questions should I ask my doctor?": {
            "keywords": []
        }
    }
]