[
    {
        "name": "Zoophobia (Fear of Animals)",
        "description": "Zoophobia is the fear of animals. Some people with zoophobia fear all animals, while others are afraid of one specific animal. You may develop zoophobia after a traumatic experience with animals. Or the phobia may be related to another anxiety disorder.",
        "What is zoophobia?": {
            "keywords": []
        },
        "What are the types of animal phobias?": {
            "keywords": []
        },
        "How common is zoophobia?": {
            "keywords": []
        },
        "What triggers zoophobia?": {
            "keywords": []
        },
        "What are the symptoms of zoophobia?": {
            "keywords": [
                "trembling",
                "heart palpitations",
                "lightheaded",
                "nausea",
                "shortness of breath"
            ]
        },
        "How is zoophobia diagnosed?": {
            "keywords": []
        },
        "How is zoophobia treated?": {
            "keywords": [
                "medication",
                "exposure therapy"
            ]
        },
        "How can I prevent zoophobia?": {
            "keywords": []
        },
        "What is the outlook for people with zoophobia?": {
            "keywords": []
        },
        "How can I best learn to cope with zoophobia?": {
            "keywords": []
        }
    }
]