[
    {
        "name": "Papyrophobia (Fear of Paper)",
        "description": "Papyrophobia causes a fear of paper. You may panic when you see paper or have to touch or write on paper. You may also be afraid of getting a paper cut. This phobia can negatively affect your quality of life, as many everyday items are made of paper. Exposure therapy or other psychotherapies can help you overcome a fear of paper.",
        "What is papyrophobia?": {
            "keywords": []
        },
        "What do people with papyrophobia fear?": {
            "keywords": []
        },
        "How common is papyrophobia?": {
            "keywords": []
        },
        "What causes papyrophobia?": {
            "keywords": []
        },
        "What other phobias are associated with fear of paper?": {
            "keywords": []
        },
        "What are the symptoms of papyrophobia?": {
            "keywords": [
                "nausea",
                "shortness of breath",
                "trembling"
            ]
        },
        "How is papyrophobia diagnosed?": {
            "keywords": []
        },
        "What is papyrophobia treatment?": {
            "keywords": [
                "medication",
                "exposure therapy",
                "psychotherapy"
            ]
        },
        "What are the complications of papyrophobia?": {
            "keywords": []
        },
        "When should I call the doctor?": {
            "keywords": []
        }
    },
    {
        "name": "Pedophobia (Fear of Children)",
        "description": "A traumatic experience involving an infant or child may cause pedophobia, a fear of small children. People with obsessive-compulsive disorder (OCD) or mysophobia (fear of germs) may be more at risk. You may get anxious or fearful when you see children or are around them. Exposure therapy and cognitive behavioral therapy (CBT) can help you overcome pedophobia.",
        "What is pedophobia?": {
            "keywords": []
        },
        "How many people have pedophobia?": {
            "keywords": []
        },
        "What is the difference between pedophobia and pediophobia?": {
            "keywords": []
        },
        "Who is at risk for pedophobia?": {
            "keywords": []
        },
        "What other phobias are associated with pedophobia?": {
            "keywords": []
        },
        "What causes pedophobia?": {
            "keywords": []
        },
        "What do people with pedophobia fear?": {
            "keywords": []
        },
        "What are pedophobia symptoms?": {
            "keywords": [
                "nausea",
                "shortness of breath",
                "trembling"
            ]
        },
        "How is pedophobia diagnosed?": {
            "keywords": []
        },
        "What are ways to treat pedophobia?": {
            "keywords": [
                "medication",
                "exposure therapy",
                "psychotherapy"
            ]
        },
        "What are the complications of pedophobia?": {
            "keywords": []
        },
        "When should I call the doctor?": {
            "keywords": []
        }
    },
    {
        "name": "Philophobia (Fear of Falling in Love)",
        "description": "Philophobia \u2014 a fear of love \u2014 can negatively affect your ability to have meaningful relationships. A painful breakup, divorce, abandonment or rejection during childhood or adulthood may make you afraid to fall in love. Psychotherapy (talk therapy) can help you overcome this specific phobic disorder.",
        "What is philophobia?": {
            "keywords": []
        },
        "How common is philophobia?": {
            "keywords": []
        },
        "Who is at risk for philophobia?": {
            "keywords": []
        },
        "Why do I have a fear of love?": {
            "keywords": []
        },
        "What are philophobia symptoms?": {
            "keywords": [
                "nausea",
                "shortness of breath",
                "trembling"
            ]
        },
        "How is philophobia diagnosed?": {
            "keywords": []
        },
        "How do providers treat philophobia?": {
            "keywords": [
                "exposure therapy",
                "psychotherapy"
            ]
        },
        "What are the complications of philophobia?": {
            "keywords": []
        },
        "When should I call the doctor?": {
            "keywords": []
        },
        "What questions should I ask my doctor?": {
            "keywords": []
        }
    },
    {
        "name": "Phobias",
        "description": "A phobia is when you have intense or even overpowering fear and anxiety in certain situations or when you encounter certain objects. While phobias can involve the same things as ordinary fears, the effects of phobias are more severe. In the most severe cases, people with phobias critically limit their lives to avoid encountering what they fear.",
        "How many different phobias are there?": {
            "keywords": []
        },
        "How common are phobias?": {
            "keywords": []
        },
        "What are the symptoms of phobias?": {
            "keywords": [
                "trembling",
                "upset stomach",
                "lightheaded",
                "nausea",
                "chills",
                "dizzy"
            ]
        },
        "What causes phobias?": {
            "keywords": []
        },
        "What are the complications of phobias?": {
            "keywords": []
        },
        "How are phobias diagnosed?": {
            "keywords": []
        },
        "How are phobias treated, and can they be cured?": {
            "keywords": [
                "medication",
                "exposure therapy",
                "psychotherapy"
            ]
        },
        "Are phobias preventable?": {
            "keywords": []
        },
        "What can I expect if I have a phobia?": {
            "keywords": []
        },
        "What\u2019s the outlook for phobias?": {
            "keywords": []
        },
        "How do I take care of myself if I have a phobia?": {
            "keywords": []
        }
    },
    {
        "name": "Phobophobia (Fear of Fear)",
        "description": "Phobophobia is an intense fear of being afraid. Some people might be terrified of the physical symptoms that come with fear, such as rapid breathing or dizziness. Others are scared of developing another phobic disorder. You may need psychotherapy or medication as treatment.",
        "What is phobophobia?": {
            "keywords": []
        },
        "How common is phobophobia?": {
            "keywords": []
        },
        "What causes phobophobia?": {
            "keywords": []
        },
        "What are the symptoms of phobophobia?": {
            "keywords": [
                "trembling",
                "heart palpitations",
                "upset stomach",
                "lightheaded",
                "upset stomach or indigestion",
                "nausea",
                "shortness of breath",
                "chills",
                "panic attack",
                "excessive sweating"
            ]
        },
        "How is phobophobia diagnosed?": {
            "keywords": []
        },
        "How is phobophobia managed or treated?": {
            "keywords": [
                "panic attack",
                "medication",
                "exposure therapy",
                "psychotherapy"
            ]
        },
        "Is there a way to prevent phobophobia?": {
            "keywords": []
        },
        "What\u2019s the prognosis (outlook) for people with phobophobia?": {
            "keywords": []
        },
        "When should I call the doctor?": {
            "keywords": []
        }
    },
    {
        "name": "Podophobia (Fear of Feet)",
        "description": "Podophobia is an overwhelming fear of feet. People with this condition might be scared of their own feet or other people\u2019s feet. They may avoid places where people are barefoot, such as beaches or pools. Psychotherapy can help manage podophobia for most people.",
        "What is podophobia?": {
            "keywords": []
        },
        "Why do I find feet disgusting?": {
            "keywords": []
        },
        "How common is podophobia?": {
            "keywords": []
        },
        "What causes podophobia?": {
            "keywords": []
        },
        "What are the symptoms of podophobia?": {
            "keywords": [
                "trembling",
                "heart palpitations",
                "upset stomach",
                "lightheaded",
                "upset stomach or indigestion",
                "nausea",
                "shortness of breath",
                "chills",
                "panic attack",
                "excessive sweating"
            ]
        },
        "How is podophobia diagnosed?": {
            "keywords": []
        },
        "Is there a cure for podophobia?": {
            "keywords": []
        },
        "Is there a way to prevent podophobia?": {
            "keywords": []
        },
        "What\u2019s the prognosis (outlook) for people with podophobia?": {
            "keywords": []
        },
        "When should I call the doctor?": {
            "keywords": []
        },
        "What questions should I ask my doctor?": {
            "keywords": []
        }
    },
    {
        "name": "Pogonophobia (Fear of Beards)",
        "description": "Pogonophobia is a severe fear of beards, but can also include mustaches, goatees or other types of facial hair. The condition can make it difficult to function in a lot of social situations where people may have beards. Psychotherapy and exposure therapy are treatment options that offer help.",
        "What is pogonophobia?": {
            "keywords": []
        },
        "How common is pogonophobia?": {
            "keywords": []
        },
        "What causes pogonophobia?": {
            "keywords": []
        },
        "What are the symptoms of pogonophobia?": {
            "keywords": [
                "trembling",
                "heart palpitations",
                "upset stomach",
                "lightheaded",
                "upset stomach or indigestion",
                "nausea",
                "shortness of breath",
                "chills",
                "panic attack",
                "excessive sweating"
            ]
        },
        "How is pogonophobia diagnosed?": {
            "keywords": []
        },
        "How is pogonophobia managed or treated?": {
            "keywords": [
                "medication",
                "exposure therapy",
                "psychotherapy"
            ]
        },
        "Is there a way to prevent pogonophobia?": {
            "keywords": []
        },
        "What\u2019s the prognosis (outlook) for people with pogonophobia?": {
            "keywords": []
        },
        "When should I call my healthcare provider?": {
            "keywords": []
        },
        "What questions should I ask my healthcare provider?": {
            "keywords": []
        }
    },
    {
        "name": "Porphyrophobia (Fear of Purple)",
        "description": "Porphyrophobia is an intense fear of purple. For some people, the color triggers severe anxiety or panic attacks. Porphyrophobia may cause someone to avoid parks, gardens, stores or any situation where they may encounter purple objects. Psychotherapy and exposure therapy help many people manage the condition.",
        "What is porphyrophobia?": {
            "keywords": []
        },
        "What does the color purple signify?": {
            "keywords": []
        },
        "What\u2019s the difference between porphyrophobia and porphyria?": {
            "keywords": []
        },
        "How common is porphyrophobia?": {
            "keywords": []
        },
        "What causes porphyrophobia?": {
            "keywords": []
        },
        "What are the symptoms of porphyrophobia?": {
            "keywords": [
                "trembling",
                "heart palpitations",
                "upset stomach",
                "lightheaded",
                "upset stomach or indigestion",
                "nausea",
                "shortness of breath",
                "chills",
                "panic attack",
                "excessive sweating"
            ]
        },
        "How is porphyrophobia diagnosed?": {
            "keywords": []
        },
        "How is porphyrophobia managed or treated?": {
            "keywords": [
                "fear and anxiety",
                "exposure therapy",
                "psychotherapy",
                "panic attack",
                "medication"
            ]
        },
        "Is there a way to prevent porphyrophobia?": {
            "keywords": []
        },
        "What\u2019s the prognosis (outlook) for people with porphyrophobia?": {
            "keywords": []
        },
        "When should I call my healthcare provider?": {
            "keywords": []
        },
        "What questions should I ask my healthcare provider?": {
            "keywords": []
        }
    },
    {
        "name": "Pteridophobia (Fear of Ferns)",
        "description": "Pteridophobia is an extreme fear of ferns. Someone with this condition might be scared of any place that could contain ferns, such as parks or forests. It can lead to anxiety and panic attacks. Psychotherapy can help you manage this fear.",
        "What is pteridophobia?": {
            "keywords": []
        },
        "What causes pteridophobia?": {
            "keywords": []
        },
        "What are the symptoms of pteridophobia?": {
            "keywords": [
                "trembling",
                "heart palpitations",
                "upset stomach",
                "lightheaded",
                "upset stomach or indigestion",
                "nausea",
                "shortness of breath",
                "chills",
                "panic attack",
                "excessive sweating"
            ]
        },
        "How is pteridophobia diagnosed?": {
            "keywords": []
        },
        "How is pteridophobia managed or treated?": {
            "keywords": [
                "panic attack",
                "medication",
                "exposure therapy"
            ]
        },
        "Is there a way to prevent pteridophobia?": {
            "keywords": []
        },
        "What\u2019s the prognosis (outlook) for people with pteridophobia?": {
            "keywords": []
        },
        "When should I call the doctor?": {
            "keywords": []
        }
    },
    {
        "name": "Pyrophobia (Fear of Fire)",
        "description": "Pyrophobia is an intense fear of fire. It can cause anxiety, panic attacks or an avoidance of any situation with the potential for fire. Psychotherapy can help people manage the symptoms of pyrophobia.",
        "What is pyrophobia?": {
            "keywords": []
        },
        "Is it normal to be scared of fire?": {
            "keywords": []
        },
        "How common is pyrophobia?": {
            "keywords": []
        },
        "What causes pyrophobia?": {
            "keywords": []
        },
        "What are the symptoms of pyrophobia?": {
            "keywords": [
                "trembling",
                "heart palpitations",
                "upset stomach",
                "lightheaded",
                "upset stomach or indigestion",
                "nausea",
                "shortness of breath",
                "chills",
                "panic attack",
                "excessive sweating"
            ]
        },
        "How is pyrophobia diagnosed?": {
            "keywords": []
        },
        "How is pyrophobia managed or treated?": {
            "keywords": [
                "exposure therapy",
                "psychotherapy",
                "virtual reality",
                "panic attack",
                "medication"
            ]
        },
        "Is there a way to prevent pyrophobia?": {
            "keywords": []
        },
        "What\u2019s the prognosis (outlook) for people with pyrophobia?": {
            "keywords": []
        },
        "When should I call the doctor?": {
            "keywords": []
        },
        "What questions should I ask my doctor?": {
            "keywords": []
        }
    }
]