[
    {
        "name": "Eisoptrophobia (Fear of Mirrors)",
        "description": "Eisoptrophobia is an unhealthy fear of mirrors. Some people fear mirrors due to self-image issues. People may also avoid mirrors because they distort the way an object looks. This phobia leads to lifestyle changes that enable people to avoid mirrors.",
        "What is eisoptrophobia?": {
            "keywords": []
        },
        "Do I have eisoptrophobia?": {
            "keywords": []
        },
        "What causes a fear of mirrors?": {
            "keywords": []
        },
        "What are eisoptrophobia symptoms?": {
            "keywords": [
                "trembling",
                "heart palpitations",
                "upset stomach",
                "lightheaded",
                "upset stomach or indigestion",
                "nausea",
                "shortness of breath",
                "chills",
                "excessive sweating"
            ]
        },
        "How is eisoptrophobia diagnosed?": {
            "keywords": []
        },
        "What is eisoptrophobia treatment like?": {
            "keywords": [
                "exposure therapy"
            ]
        },
        "Can other treatments help me cope with a fear of mirrors?": {
            "keywords": []
        },
        "Is there anything I can do to prevent a fear of mirrors?": {
            "keywords": []
        },
        "What is the outlook for people with eisoptrophobia?": {
            "keywords": []
        },
        "What else is important to know about living with eisoptrophobia?": {
            "keywords": []
        }
    },
    {
        "name": "Emetophobia (Fear of Vomiting)",
        "description": "Emetophobia is the fear of vomit or vomiting. Being around someone who is ill, seeing vomit or feeling nauseous may make you feel anxious and panicked. If you have a fear of vomiting, it may be difficult to even hear or read the word \u201cvomit.\u201d While this is uncomfortable, read on to learn more about treatment options to help you feel better.",
        "What is emetophobia?": {
            "keywords": []
        },
        "What are the symptoms of emetophobia?": {
            "keywords": [
                "nausea",
                "medication",
                "upset stomach",
                "lightheaded"
            ]
        },
        "What causes emetophobia?": {
            "keywords": []
        },
        "What are the complications of emetophobia?": {
            "keywords": []
        },
        "How is emetophobia diagnosed?": {
            "keywords": []
        },
        "How is emetophobia treated?": {
            "keywords": [
                "fear and anxiety",
                "exposure therapy",
                "upset stomach",
                "nausea",
                "medication"
            ]
        },
        "How soon after treatment will I feel better?": {
            "keywords": []
        },
        "Can emetophobia be prevented?": {
            "keywords": []
        },
        "What\u2019s the outlook for emetophobia?": {
            "keywords": []
        },
        "When should I see a healthcare provider?": {
            "keywords": []
        },
        "What questions should I ask my healthcare provider?": {
            "keywords": []
        }
    },
    {
        "name": "Entomophobia (Fear of Insects)",
        "description": "Entomophobia is a fear of insects. People with this specific phobia feel anxious when they think about or see an insect. Many people with insect phobia have had traumatic experiences with insects. You can overcome a phobia of insects with several therapy options, including exposure therapy, cognitive behavioral therapy and hypnotherapy.",
        "What is entomophobia?": {
            "keywords": []
        },
        "How common is entomophobia?": {
            "keywords": []
        },
        "What does a person with entomophobia fear?": {
            "keywords": []
        },
        "Who is at risk for entomophobia?": {
            "keywords": []
        },
        "What other phobias are associated with entomophobia?": {
            "keywords": []
        },
        "What are the causes of entomophobia?": {
            "keywords": []
        },
        "What are entomophobia triggers?": {
            "keywords": []
        },
        "What are entomophobia symptoms?": {
            "keywords": [
                "trembling",
                "heart palpitations",
                "upset stomach",
                "lightheaded",
                "upset stomach or indigestion",
                "nausea",
                "shortness of breath",
                "chills",
                "excessive sweating"
            ]
        },
        "How is entomophobia diagnosed?": {
            "keywords": []
        },
        "What are entomophobia treatments?": {
            "keywords": [
                "exposure therapy",
                "psychotherapy"
            ]
        },
        "What are other entomophobia solutions?": {
            "keywords": []
        },
        "What are the complications of entomophobia?": {
            "keywords": []
        },
        "When should I call the doctor?": {
            "keywords": []
        }
    },
    {
        "name": "Ephebiphobia (Fear of Teenagers)",
        "description": "People with ephebiphobia fear teenagers. They may view adolescents negatively, mistakenly thinking all teens have bad or violent behavior. A traumatic accident involving teenagers may cause ephebiphobia. A person with ephebiphobia may avoid all situations that involve seeing or interacting with teens. Psychotherapies can help.",
        "What is ephebiphobia?": {
            "keywords": []
        },
        "What do people with ephebiphobia fear?": {
            "keywords": []
        },
        "How common is ephebiphobia?": {
            "keywords": []
        },
        "Who is at risk for ephebiphobia?": {
            "keywords": []
        },
        "What other phobias are associated with a fear of teenagers?": {
            "keywords": []
        },
        "What are the symptoms of ephebiphobia?": {
            "keywords": [
                "nausea",
                "trembling"
            ]
        },
        "How is ephebiphobia diagnosed?": {
            "keywords": []
        },
        "How is ephebiphobia treated?": {
            "keywords": [
                "medication",
                "exposure therapy",
                "psychotherapy"
            ]
        },
        "What are the complications of ephebiphobia?": {
            "keywords": []
        },
        "When should I call the doctor?": {
            "keywords": []
        }
    },
    {
        "name": "Equinophobia (Fear of Horses)",
        "description": "Equinophobia is a fear of horses. A scary experience with a horse \u2014 such as falling off a horse, or being stepped on, kicked or bitten by a horse \u2014 may cause this phobia. You may also have a fear of donkeys, mules and ponies. Psychotherapies like exposure therapy can help you gradually overcome a fear of horses.",
        "What is equinophobia?": {
            "keywords": []
        },
        "What do people with equinophobia fear?": {
            "keywords": []
        },
        "How common is equinophobia?": {
            "keywords": []
        },
        "Who is at risk for equinophobia?": {
            "keywords": []
        },
        "What other phobias are associated with a fear of horses?": {
            "keywords": []
        },
        "Why do I have a fear of horses?": {
            "keywords": []
        },
        "What are equinophobia symptoms?": {
            "keywords": [
                "trembling",
                "heart palpitations",
                "upset stomach",
                "lightheaded",
                "upset stomach or indigestion",
                "nausea",
                "shortness of breath",
                "chills",
                "excessive sweating"
            ]
        },
        "How is equinophobia diagnosed?": {
            "keywords": []
        },
        "How can you get over a fear of horses?": {
            "keywords": []
        },
        "What are the complications of equinophobia?": {
            "keywords": []
        },
        "When should I call the doctor?": {
            "keywords": []
        },
        "What questions should I ask my doctor?": {
            "keywords": []
        }
    }
]