[
    {
        "name": "Cacophobia (Fear of Ugliness)",
        "description": "Cacophobia is an intense fear of ugliness. People with this anxiety disorder may fear becoming ugly. Or they might have symptoms of panic and anxiety when they think about or see something ugly. Cacophobia is one of only a few phobias that are subjective instead of objective. The individual determines what is ugly and, therefore, scary.",
        "What is cacophobia?": {
            "keywords": []
        },
        "What are people with cachophobia afraid of?": {
            "keywords": []
        },
        "How common is fear of ugliness?": {
            "keywords": []
        },
        "What causes a fear of ugliness?": {
            "keywords": []
        },
        "What are the symptoms of cacophobia?": {
            "keywords": [
                "trembling",
                "heart palpitations",
                "upset stomach",
                "lightheaded",
                "upset stomach or indigestion",
                "nausea",
                "shortness of breath",
                "chills",
                "excessive sweating"
            ]
        },
        "How is cacophobia diagnosed?": {
            "keywords": []
        },
        "What are the treatments for cacophobia?": {
            "keywords": [
                "medication",
                "exposure therapy",
                "psychotherapy"
            ]
        },
        "How can I reduce my risk of cacophobia?": {
            "keywords": []
        },
        "Can cacophobia be cured?": {
            "keywords": []
        },
        "How can I best learn to cope with a fear of ugly people?": {
            "keywords": []
        }
    },
    {
        "name": "Chionophobia (Fear of Snow)",
        "description": "Chionophobia is an extreme fear of snow and snowy weather. People with this disorder have severe anxiety and panic attacks when they think about or see snow. To avoid snow, they may live in warmer climates or stay indoors during winter. Exposure therapy and cognitive behavior therapy (CBT) can help people manage fears and reduce anxiety.",
        "What is chionophobia?": {
            "keywords": []
        },
        "How common is chionophobia?": {
            "keywords": []
        },
        "Who is at risk of chionophobia?": {
            "keywords": []
        },
        "What causes chionophobia?": {
            "keywords": []
        },
        "What are the symptoms of chionophobia?": {
            "keywords": [
                "trembling",
                "heart palpitations",
                "upset stomach",
                "lightheaded",
                "upset stomach or indigestion",
                "nausea",
                "shortness of breath",
                "chills",
                "excessive sweating"
            ]
        },
        "How do healthcare providers diagnose chionophobia?": {
            "keywords": []
        },
        "How do I manage or treat chionophobia?": {
            "keywords": [
                "panic attack",
                "medication",
                "exposure therapy",
                "psychotherapy"
            ]
        },
        "What are the complications of chionophobia?": {
            "keywords": []
        },
        "What is the prognosis (outlook) for people who have chionophobia?": {
            "keywords": []
        },
        "When should I see my healthcare provider about chionophobia?": {
            "keywords": []
        }
    },
    {
        "name": "Chromophobia (Fear of Colors)",
        "description": "Chromophobia is an intense fear of colors. Most people with this disorder have an extreme aversion to one or two colors in particular \u2014 or they may only fear bright colors. People with chromophobia have severe anxiety or panic attacks when they see a color they\u2019re afraid of. Therapy and medications can help manage symptoms.",
        "What is chromophobia?": {
            "keywords": []
        },
        "How common is chromophobia?": {
            "keywords": []
        },
        "What colors are people afraid of?": {
            "keywords": []
        },
        "Who is at risk of chromophobia?": {
            "keywords": []
        },
        "What causes chromophobia?": {
            "keywords": []
        },
        "What are the symptoms of chromophobia?": {
            "keywords": [
                "trembling",
                "heart palpitations",
                "upset stomach",
                "lightheaded",
                "upset stomach or indigestion",
                "nausea",
                "shortness of breath",
                "chills",
                "panic attack",
                "excessive sweating"
            ]
        },
        "How do healthcare providers diagnose chromophobia?": {
            "keywords": []
        },
        "How do I manage or treat chromophobia?": {
            "keywords": [
                "panic attack",
                "medication",
                "exposure therapy",
                "psychotherapy"
            ]
        },
        "What are the complications of chromophobia?": {
            "keywords": []
        },
        "What is the prognosis (outlook) for people who have chromophobia?": {
            "keywords": []
        },
        "When should I see my healthcare provider about chromophobia?": {
            "keywords": []
        }
    },
    {
        "name": "Chronophobia (Fear of Time)",
        "description": "Chronophobia is the extreme fear of time or time passing. It can cause severe anxiety, feelings of dread, obsessive behaviors and depression. People who are elderly, ill or imprisoned are more likely to develop this anxiety disorder. They may fear their own mortality, obsess over time or worry about their days being limited. Therapy can help.",
        "What is chronophobia?": {
            "keywords": []
        },
        "How common is chronophobia?": {
            "keywords": []
        },
        "Who is at risk of chronophobia?": {
            "keywords": []
        },
        "What causes chronophobia?": {
            "keywords": []
        },
        "What are triggers of chronophobia?": {
            "keywords": []
        },
        "What are the symptoms of chronophobia?": {
            "keywords": [
                "trembling",
                "heart palpitations",
                "upset stomach",
                "lightheaded",
                "upset stomach or indigestion",
                "nausea",
                "shortness of breath",
                "chills",
                "excessive sweating"
            ]
        },
        "How do healthcare providers diagnose chronophobia?": {
            "keywords": []
        },
        "How do I manage or treat chronophobia?": {
            "keywords": [
                "panic attack",
                "medication",
                "psychotherapy"
            ]
        },
        "What are the complications of chronophobia?": {
            "keywords": []
        },
        "What is the prognosis (outlook) for people who have chronophobia?": {
            "keywords": []
        },
        "When should I see my healthcare provider about chronophobia?": {
            "keywords": []
        }
    },
    {
        "name": "Claustrophobia (Fear of Enclosed Spaces)",
        "description": "Fear of confined spaces (claustrophobia) becomes a phobia when it interferes with your ability to function at work, school, or other daily activities. Common triggers include tunnels, elevators, trains and airplanes. Behavior training is the main treatment. Other coping methods include relaxation, deep breathing exercises and joining a support group.",
        "What is claustrophobia?": {
            "keywords": []
        },
        "What situations can trigger claustrophobia?": {
            "keywords": []
        },
        "What does claustrophobia feel like?": {
            "keywords": []
        },
        "How common is claustrophobia?": {
            "keywords": []
        },
        "Who gets claustrophobia?": {
            "keywords": []
        },
        "What are the symptoms of claustrophobia?": {
            "keywords": [
                "upset stomach",
                "lightheaded",
                "chills",
                "panic attack",
                "rapid heartbeat"
            ]
        },
        "What causes claustrophobia?": {
            "keywords": []
        },
        "How is claustrophobia diagnosed?": {
            "keywords": []
        },
        "How is claustrophobia treated?": {
            "keywords": [
                "exposure therapy",
                "psychotherapy",
                "virtual reality"
            ]
        },
        "Are medications used to treat claustrophobia?": {
            "keywords": []
        },
        "What can I do to better cope with claustrophobia?": {
            "keywords": []
        },
        "What can I expect if I have a diagnosis of claustrophobia?": {
            "keywords": []
        },
        "Having claustrophobia, what can I do to better prepare myself for an MRI imaging test?": {
            "keywords": []
        },
        "How do I know at what point I need to see my doctor for my claustrophobia?": {
            "keywords": []
        }
    },
    {
        "name": "Coulrophobia (Fear of Clowns)",
        "description": "Coulrophobia brings on feelings of fear when you see clowns or clown images. It\u2019s a specific phobic disorder that causes anxiety, a racing heart, nausea and profuse sweating. Most people can avoid clowns. Some need exposure therapy, a type of psychotherapy, to help manage their reactions to clowns and clown images.",
        "What is coulrophobia?": {
            "keywords": []
        },
        "What are coulrophobia triggers?": {
            "keywords": []
        },
        "How common is fear of clowns?": {
            "keywords": []
        },
        "Who is at risk for coulrophobia?": {
            "keywords": []
        },
        "What causes coulrophobia?": {
            "keywords": []
        },
        "What are coulrophobia symptoms?": {
            "keywords": [
                "nausea",
                "trembling"
            ]
        },
        "How is coulrophobia diagnosed?": {
            "keywords": []
        },
        "How is coulrophobia managed or treated?": {
            "keywords": [
                "medication",
                "exposure therapy",
                "psychotherapy"
            ]
        },
        "What are the complications of coulrophobia?": {
            "keywords": []
        },
        "When should I call the doctor?": {
            "keywords": []
        },
        "What questions should I ask my doctor?": {
            "keywords": []
        }
    },
    {
        "name": "Cyberphobia (Fear of Computers)",
        "description": "Cyberphobia is an extreme fear of computers. People with this anxiety disorder may also fear smartphones and the internet. Severe cyberphobia can cause people to avoid going to work, school or any place where there might be a computer. Therapy and technological education can help people manage symptoms of cyberphobia.",
        "What is cyberphobia?": {
            "keywords": []
        },
        "How common is cyberphobia?": {
            "keywords": []
        },
        "What causes cyberphobia?": {
            "keywords": []
        },
        "What are the triggers of cyberphobia?": {
            "keywords": []
        },
        "What are the symptoms of cyberphobia?": {
            "keywords": [
                "trembling",
                "heart palpitations",
                "upset stomach",
                "lightheaded",
                "upset stomach or indigestion",
                "nausea",
                "shortness of breath",
                "chills",
                "excessive sweating"
            ]
        },
        "How do healthcare providers diagnose cyberphobia?": {
            "keywords": []
        },
        "How do providers treat cyberphobia?": {
            "keywords": [
                "panic attack",
                "medication",
                "exposure therapy",
                "psychotherapy"
            ]
        },
        "What are the complications of cyberphobia?": {
            "keywords": []
        },
        "How can I reduce my risk of cyberphobia?": {
            "keywords": []
        },
        "What is the prognosis (outlook) for people who have cyberphobia?": {
            "keywords": []
        },
        "When should I see my healthcare provider about cyberphobia?": {
            "keywords": []
        }
    },
    {
        "name": "Cynophobia (Fear of Dogs)",
        "description": "Cynophobia is the overwhelming fear of dogs. People with this anxiety disorder feel intense fear and anxiety when they think about, see or encounter a dog. In severe cases, this phobia can cause people to avoid places where dogs might be. Exposure therapy and cognitive behavior therapy (CBT) can help people manage cynophobia.",
        "What is cynophobia?": {
            "keywords": []
        },
        "How common is cynophobia?": {
            "keywords": []
        },
        "Who is at risk of cynophobia?": {
            "keywords": []
        },
        "What causes cynophobia?": {
            "keywords": []
        },
        "What are the triggers of cynophobia?": {
            "keywords": []
        },
        "What are the symptoms of cynophobia?": {
            "keywords": [
                "heart palpitations",
                "nausea",
                "shortness of breath",
                "panic attack",
                "excessive sweating"
            ]
        },
        "How do healthcare providers diagnose cynophobia?": {
            "keywords": []
        },
        "How do providers treat cynophobia?": {
            "keywords": [
                "exposure therapy",
                "psychotherapy",
                "virtual reality",
                "panic attack",
                "medication"
            ]
        },
        "What are the complications of cynophobia?": {
            "keywords": []
        },
        "What is the prognosis (outlook) for people who have cynophobia?": {
            "keywords": []
        },
        "When should I see my healthcare provider about cynophobia?": {
            "keywords": []
        },
        "What questions should I ask my doctor?": {
            "keywords": []
        }
    }
]