[
    {
        "name": "Acrophobia (Fear of Heights)",
        "description": "People with acrophobia have an intense fear of situations that involve heights such as being in a tall building or using a ladder. Like other specific phobias, acrophobia is treatable with a psychological therapy called exposure therapy.",
        "What is acrophobia?": {
            "keywords": []
        },
        "Who does acrophobia affect?": {
            "keywords": []
        },
        "What kind of heights are people with acrophobia afraid of?": {
            "keywords": []
        },
        "How common is acrophobia?": {
            "keywords": []
        },
        "What are the signs and symptoms of acrophobia?": {
            "keywords": [
                "fear and anxiety",
                "feeling queasy",
                "trembling",
                "desire to escape",
                "lightheaded",
                "shortness of breath",
                "having shortness of breath",
                "rapid heartbeat",
                "dizzy"
            ]
        },
        "What causes acrophobia?": {
            "keywords": []
        },
        "How is acrophobia diagnosed?": {
            "keywords": []
        },
        "How is acrophobia treated?": {
            "keywords": [
                "fear and anxiety",
                "exposure therapy",
                "psychotherapy",
                "virtual reality",
                "medication"
            ]
        },
        "What medications are used to treat acrophobia?": {
            "keywords": []
        },
        "What are the risk factors for developing acrophobia?": {
            "keywords": []
        },
        "What is the prognosis (outlook) for acrophobia?": {
            "keywords": []
        },
        "Is there a cure for acrophobia?": {
            "keywords": []
        },
        "How can I take care of myself if I have acrophobia?": {
            "keywords": []
        },
        "What questions should I ask my doctor?": {
            "keywords": []
        }
    },
    {
        "name": "Aerophobia (Fear of Flying)",
        "description": "Aerophobia is a fear of flying. It\u2019s very common, affecting more than 25 million adults in the U.S. Psychotherapy can usually help people overcome their fear and fly without extreme anxiety or panic attacks.",
        "What is aerophobia?": {
            "keywords": []
        },
        "How common is aerophobia?": {
            "keywords": []
        },
        "Who is at risk for aerophobia?": {
            "keywords": []
        },
        "What causes aerophobia?": {
            "keywords": []
        },
        "What are the symptoms of aerophobia?": {
            "keywords": [
                "trembling",
                "heart palpitations",
                "upset stomach",
                "lightheaded",
                "upset stomach or indigestion",
                "nausea",
                "shortness of breath",
                "chills",
                "panic attack",
                "excessive sweating"
            ]
        },
        "How is aerophobia diagnosed?": {
            "keywords": []
        },
        "How is aerophobia managed or treated?": {
            "keywords": [
                "exposure therapy",
                "psychotherapy",
                "virtual reality",
                "panic attack",
                "medication"
            ]
        },
        "Is there a way to prevent aerophobia?": {
            "keywords": []
        },
        "What\u2019s the prognosis (outlook) for people with aerophobia?": {
            "keywords": []
        },
        "When should I call the doctor?": {
            "keywords": []
        },
        "What questions should I ask my doctor?": {
            "keywords": []
        }
    },
    {
        "name": "Agoraphobia",
        "description": "Agoraphobia is a mental health condition that causes excessive fear of certain situations. Some people may even avoid leaving their home. Agoraphobia is manageable with treatment, which includes medication, cognitive behavioral therapy and lifestyle changes. The earlier you receive a diagnosis and treatment, the more likely treatment will work.",
        "What is agoraphobia?": {
            "keywords": []
        },
        "How common is agoraphobia?": {
            "keywords": []
        },
        "What are the symptoms of agoraphobia?": {
            "keywords": [
                "upset stomach",
                "lightheaded",
                "hyperventilation",
                "chills",
                "panic attack",
                "excessive sweating"
            ]
        },
        "What causes agoraphobia?": {
            "keywords": []
        },
        "What are the risk factors for agoraphobia?": {
            "keywords": []
        },
        "How is agoraphobia diagnosed?": {
            "keywords": []
        },
        "How is agoraphobia treated?": {
            "keywords": [
                "medication",
                "lifestyle changes",
                "psychotherapy"
            ]
        },
        "How can I learn to cope with agoraphobia?": {
            "keywords": []
        }
    },
    {
        "name": "Aichmophobia",
        "description": "People with aichmophobia have an intense and unreasonable fear of sharp objects such as scissors, knives, needles and pencils. Like other specific phobias, aichmophobia is highly treatable with a psychological therapy called exposure therapy.",
        "What is aichmophobia?": {
            "keywords": []
        },
        "What is the difference between trypanophobia and aichmophobia?": {
            "keywords": []
        },
        "Who does aichmophobia affect?": {
            "keywords": []
        },
        "How common is aichmophobia?": {
            "keywords": []
        },
        "What causes aichmophobia?": {
            "keywords": []
        },
        "What are the signs and symptoms of aichmophobia?": {
            "keywords": [
                "fear and anxiety",
                "desire to escape",
                "lightheaded",
                "shortness of breath",
                "rapid heartbeat",
                "dizzy"
            ]
        },
        "How is aichmophobia diagnosed?": {
            "keywords": []
        },
        "How is aichmophobia treated?": {
            "keywords": [
                "fear and anxiety",
                "medication",
                "exposure therapy",
                "psychotherapy"
            ]
        },
        "What medications are used to treat aichmophobia?": {
            "keywords": []
        },
        "Is there a cure for aichmophobia?": {
            "keywords": []
        },
        "What are the risk factors for developing aichmophobia?": {
            "keywords": []
        },
        "What is the prognosis (outlook) for aichmophobia?": {
            "keywords": []
        },
        "What can I do if I have aichmophobia?": {
            "keywords": []
        },
        "What questions should I ask my doctor?": {
            "keywords": []
        }
    },
    {
        "name": "Ailurophobia (Fear of Cats)",
        "description": "Ailurophobia is a fear of cats. People with this specific phobia feel anxious when they think about a cat, see a cat or images of a cat, or hear a cat. Many people with cat phobia have had negative experiences with cats. You can overcome a phobia of cats with exposure therapy, cognitive behavioral therapy, hypnotherapy and other treatments.",
        "What is ailurophobia?": {
            "keywords": []
        },
        "What are other names for ailurophobia?": {
            "keywords": []
        },
        "How common is ailurophobia?": {
            "keywords": []
        },
        "What does a person with ailurophobia fear?": {
            "keywords": []
        },
        "Who is at risk for ailurophobia?": {
            "keywords": []
        },
        "What other phobias are associated with ailurophobia?": {
            "keywords": []
        },
        "What are the causes of ailurophobia?": {
            "keywords": []
        },
        "What are ailurophobia triggers?": {
            "keywords": []
        },
        "What are ailurophobia symptoms?": {
            "keywords": [
                "panic attack",
                "nausea",
                "trembling"
            ]
        },
        "How is ailurophobia diagnosed?": {
            "keywords": []
        },
        "What are ailurophobia treatments?": {
            "keywords": [
                "exposure therapy",
                "psychotherapy"
            ]
        },
        "What are other ailurophobia solutions?": {
            "keywords": []
        },
        "What are the complications of ailurophobia?": {
            "keywords": []
        },
        "When should I call the doctor?": {
            "keywords": []
        },
        "What questions should I ask my doctor?": {
            "keywords": []
        }
    },
    {
        "name": "Alektorophobia (Fear of Chickens or Hens)",
        "description": "Alektorophobia is an intense fear of chickens or hens. Like other phobias, the intense fear that people feel isn\u2019t proportional to the threat chickens pose. Symptoms might include guilt, shame, intense worry or dread. People may also have physical symptoms, such as nausea, sweating or shaking.",
        "What is alektorophobia?": {
            "keywords": []
        },
        "How common is alektorophobia?": {
            "keywords": []
        },
        "Who might get alektorophobia?": {
            "keywords": []
        },
        "What causes alektorophobia?": {
            "keywords": []
        },
        "What are the symptoms of alektorophobia?": {
            "keywords": [
                "trembling",
                "heart palpitations",
                "upset stomach",
                "lightheaded",
                "upset stomach or indigestion",
                "nausea",
                "shortness of breath",
                "chills",
                "panic attack",
                "excessive sweating"
            ]
        },
        "How is alektorophobia diagnosed?": {
            "keywords": []
        },
        "How is alektorophobia treated?": {
            "keywords": [
                "medication",
                "exposure therapy"
            ]
        },
        "How can I overcome a fear of chickens?": {
            "keywords": []
        },
        "How can I prevent alektorophobia?": {
            "keywords": []
        },
        "Are there long-term effects from alektorophobia?": {
            "keywords": []
        },
        "What else should I ask my doctor?": {
            "keywords": []
        }
    },
    {
        "name": "Algophobia (Fear of Pain)",
        "description": "Algophobia is a fear of pain. It\u2019s common in people with chronic pain syndromes who may be afraid that their pain will return or get worse. Most people can manage pain-related fear with a combination of psychotherapy, exercise and exposure therapy.",
        "What is algophobia?": {
            "keywords": []
        },
        "How common is algophobia?": {
            "keywords": []
        },
        "What causes algophobia?": {
            "keywords": []
        },
        "Who is at risk for algophobia?": {
            "keywords": []
        },
        "What are the symptoms of algophobia?": {
            "keywords": [
                "trembling",
                "heart palpitations",
                "upset stomach",
                "lightheaded",
                "upset stomach or indigestion",
                "nausea",
                "shortness of breath",
                "chills",
                "panic attack",
                "excessive sweating"
            ]
        },
        "How is algophobia diagnosed?": {
            "keywords": []
        },
        "How is algophobia managed or treated?": {
            "keywords": [
                "exposure therapy"
            ]
        },
        "Is there a way to prevent algophobia?": {
            "keywords": []
        },
        "What\u2019s the prognosis (outlook) for people with algophobia?": {
            "keywords": []
        },
        "When should I call the doctor?": {
            "keywords": []
        }
    },
    {
        "name": "Amaxophobia (Fear of Driving)",
        "description": "Amaxophobia (also called hamaxophobia) makes you feel anxious or fearful when you drive or ride in a vehicle, such as a car, bus or plane. With it, you have a fear of driving and may also get anxious being a passenger. This fear can interfere with work, socializing and travel. Exposure therapy, a type of psychotherapy, helps people overcome amaxophobia.",
        "What is amaxophobia?": {
            "keywords": []
        },
        "How common is amaxophobia?": {
            "keywords": []
        },
        "What are the types of amaxophobia?": {
            "keywords": []
        },
        "What does a person suffering from amaxophobia fear?": {
            "keywords": []
        },
        "Who is at risk for amaxophobia?": {
            "keywords": []
        },
        "What other phobias are associated with amaxophobia?": {
            "keywords": []
        },
        "What are the causes of amaxophobia?": {
            "keywords": []
        },
        "What are amaxophobia triggers?": {
            "keywords": []
        },
        "What are amaxophobia symptoms?": {
            "keywords": [
                "trembling",
                "heart palpitations",
                "upset stomach",
                "lightheaded",
                "upset stomach or indigestion",
                "nausea",
                "shortness of breath",
                "chills",
                "excessive sweating"
            ]
        },
        "How is amaxophobia diagnosed?": {
            "keywords": []
        },
        "What are amaxophobia treatments?": {
            "keywords": [
                "exposure therapy",
                "psychotherapy"
            ]
        },
        "What are other amaxophobia solutions?": {
            "keywords": []
        },
        "What are the complications of amaxophobia?": {
            "keywords": []
        },
        "When should I call the doctor?": {
            "keywords": []
        }
    },
    {
        "name": "Androphobia",
        "description": "A traumatic experience with a male during childhood may trigger androphobia, a fear of men. This includes child abuse, sexual assaults and bullies. This phobia of men may carry over into (or begin in) adulthood. You may get anxious or fearful when you're around males in social or work settings. Exposure therapy and CBT can help you overcome androphobia.",
        "What is androphobia?": {
            "keywords": []
        },
        "How common is androphobia?": {
            "keywords": []
        },
        "Who is at risk for androphobia?": {
            "keywords": []
        },
        "What are androphobia causes?": {
            "keywords": []
        },
        "What do people with androphobia fear?": {
            "keywords": []
        },
        "What are androphobia symptoms?": {
            "keywords": [
                "nausea",
                "trembling"
            ]
        },
        "How is androphobia diagnosed?": {
            "keywords": []
        },
        "What are androphobia treatments?": {
            "keywords": [
                "medication",
                "exposure therapy",
                "psychotherapy"
            ]
        },
        "What are the complications of androphobia?": {
            "keywords": []
        },
        "When should I call the doctor?": {
            "keywords": []
        },
        "What questions should I ask my doctor?": {
            "keywords": []
        }
    },
    {
        "name": "Anginophobia (Fear of Chest Pain)",
        "description": "Anginophobia makes you afraid of chest pain (angina) or chest tightness. You may worry about problems, like choking, that cut off oxygen, causing chest pain and a potential heart attack. Some people also have illness anxiety disorder. They associate normal body functions with a serious medical problem. Psychotherapy can help.",
        "What is anginophobia?": {
            "keywords": []
        },
        "What does someone with anginophobia fear?": {
            "keywords": []
        },
        "How common is anginophobia?": {
            "keywords": []
        },
        "Who is at risk for anginophobia?": {
            "keywords": []
        },
        "What other phobias are associated with anginophobia?": {
            "keywords": []
        },
        "What causes anginophobia?": {
            "keywords": []
        },
        "What are anginophobia symptoms?": {
            "keywords": [
                "trembling",
                "heart palpitations",
                "upset stomach",
                "lightheaded",
                "upset stomach or indigestion",
                "nausea",
                "shortness of breath",
                "chills",
                "excessive sweating"
            ]
        },
        "How is anginophobia diagnosed?": {
            "keywords": []
        },
        "What are anginophobia treatments?": {
            "keywords": [
                "medication",
                "exposure therapy",
                "psychotherapy"
            ]
        },
        "What are the complications of anginophobia?": {
            "keywords": []
        },
        "When should I call the doctor?": {
            "keywords": []
        }
    },
    {
        "name": "Anthophobia (Fear of Flowers)",
        "description": "People with anthophobia, a fear of flowers, may be reacting to earlier experiences involving flowers and insect stings, allergies or difficult settings, like funerals. They may get anxious or fearful when near flowers or seeing images of flowers. Exposure therapy and cognitive behavioral therapy (CBT) can help.",
        "What is anthophobia?": {
            "keywords": []
        },
        "How common is anthophobia?": {
            "keywords": []
        },
        "Who is at risk for anthophobia?": {
            "keywords": []
        },
        "Why do I have a fear of plants?": {
            "keywords": []
        },
        "What are anthophobia symptoms?": {
            "keywords": [
                "trembling",
                "heart palpitations",
                "upset stomach",
                "lightheaded",
                "upset stomach or indigestion",
                "nausea",
                "shortness of breath",
                "chills",
                "excessive sweating"
            ]
        },
        "How is anthophobia diagnosed?": {
            "keywords": []
        },
        "How do you cure anthophobia?": {
            "keywords": []
        },
        "What are the complications of anthophobia?": {
            "keywords": []
        },
        "When should I call the doctor?": {
            "keywords": []
        },
        "What questions should I ask my doctor?": {
            "keywords": []
        }
    },
    {
        "name": "Anthropophobia (Fear of People)",
        "description": "Anthropophobia is the fear of people. It is not a formal clinical diagnosis. Many experts view the condition as a specific phobia. People with anthropophobia feel intense fear or anxiety at the thought of being around other people. Unlike other social anxiety disorders, anthropophobia is fear of people themselves, not of social situations.",
        "What is anthropophobia?": {
            "keywords": []
        },
        "Is there a difference between social phobia, social anxiety disorder and anthropophobia?": {
            "keywords": []
        },
        "How common is anthropophobia?": {
            "keywords": []
        },
        "What causes anthropophobia?": {
            "keywords": []
        },
        "What are the symptoms of anthropophobia?": {
            "keywords": [
                "nausea",
                "shortness of breath",
                "rapid heartbeat",
                "heart palpitations"
            ]
        },
        "How is anthropophobia diagnosed?": {
            "keywords": []
        },
        "Is there a cure for anthropophobia?": {
            "keywords": []
        },
        "How is anthropophobia treated?": {
            "keywords": [
                "panic attack",
                "medication",
                "exposure therapy"
            ]
        },
        "How can I overcome anthropophobia symptoms?": {
            "keywords": []
        },
        "How can I reduce my risk of anthropophobia?": {
            "keywords": []
        },
        "Are there long-term effects of anthropophobia?": {
            "keywords": []
        },
        "What else should I ask my doctor?": {
            "keywords": []
        }
    },
    {
        "name": "Aquaphobia (Fear of Water)",
        "description": "Aquaphobia is a fear of water. People with this specific phobia feel anxious when they think about or see water. They may avoid baths, showers, pools and bodies of water. Many people with aquaphobia have had traumatic experiences with water. You can overcome a phobia of water with exposure therapy, cognitive behavioral therapy and medication.",
        "What is aquaphobia?": {
            "keywords": []
        },
        "What does a person with aquaphobia fear?": {
            "keywords": []
        },
        "Who is at risk for aquaphobia?": {
            "keywords": []
        },
        "What other phobias are associated with aquaphobia?": {
            "keywords": []
        },
        "What is the difference between aquaphobia and hydrophobia?": {
            "keywords": []
        },
        "How common is aquaphobia?": {
            "keywords": []
        },
        "What are aquaphobia causes?": {
            "keywords": []
        },
        "What are aquaphobia symptoms?": {
            "keywords": [
                "panic attack",
                "nausea",
                "trembling"
            ]
        },
        "What are aquaphobia triggers?": {
            "keywords": []
        },
        "How is aquaphobia diagnosed?": {
            "keywords": []
        },
        "How is aquaphobia treated?": {
            "keywords": [
                "exposure therapy",
                "psychotherapy"
            ]
        },
        "What other therapies may be used to treat aquaphobia?": {
            "keywords": []
        },
        "What are the complications of aquaphobia?": {
            "keywords": []
        },
        "How do I take care of myself with aquaphobia?": {
            "keywords": []
        },
        "When should I see my healthcare provider?": {
            "keywords": []
        }
    },
    {
        "name": "Arachnophobia (Fear of Spiders)",
        "description": "Fear of spiders becomes a phobia when it consumes your thoughts, interferes with your daily activities and keeps you from socializing with your family and friends. Symptoms of arachnophobia include sweating or shaking and tightness in your chest or rapid heartbeat. Behavior therapies along with relaxation and breathing exercises are the main treatment options.",
        "What is arachnophobia?": {
            "keywords": []
        },
        "What situations can trigger arachnophobia?": {
            "keywords": []
        },
        "What does arachnophobia feel like?": {
            "keywords": []
        },
        "How common is arachnophobia?": {
            "keywords": []
        },
        "Who gets arachnophobia?": {
            "keywords": []
        },
        "What are the symptoms of arachnophobia?": {
            "keywords": [
                "upset stomach",
                "lightheaded",
                "chills",
                "panic attack",
                "rapid heartbeat"
            ]
        },
        "How does a person with arachnophobia typically act?": {
            "keywords": []
        },
        "What causes arachnophobia?": {
            "keywords": []
        },
        "How is arachnophobia diagnosed?": {
            "keywords": []
        },
        "How is arachnophobia treated?": {
            "keywords": [
                "exposure therapy",
                "psychotherapy",
                "virtual reality"
            ]
        },
        "Are medications used to treat arachnophobia?": {
            "keywords": []
        },
        "What can I do to better cope with arachnophobia?": {
            "keywords": []
        },
        "What can I expect if I have a diagnosis of arachnophobia?": {
            "keywords": []
        },
        "How do I know at what point I need to see my doctor for my arachnophobia?": {
            "keywords": []
        }
    },
    {
        "name": "Arithmophobia (Fear of Numbers)",
        "description": "Arithmophobia is the extreme fear of numbers. Some people fear certain numbers, such as \u201cunlucky\u201d number 13. Others fear all numbers. Arithmophobia can significantly interfere with daily life. People with the phobia may have a hard time holding certain jobs, paying bills or managing a budget.",
        "What is arithmophobia?": {
            "keywords": []
        },
        "Why might someone fear specific numbers?": {
            "keywords": []
        },
        "What causes arithmophobia?": {
            "keywords": []
        },
        "What are the symptoms of arithmophobia?": {
            "keywords": [
                "trembling",
                "heart palpitations",
                "upset stomach",
                "lightheaded",
                "upset stomach or indigestion",
                "nausea",
                "shortness of breath",
                "chills",
                "excessive sweating"
            ]
        },
        "How is arithmophobia diagnosed?": {
            "keywords": []
        },
        "How is arithmophobia treated?": {
            "keywords": [
                "medication",
                "exposure therapy"
            ]
        },
        "How can I prevent arithmophobia?": {
            "keywords": []
        },
        "How do I get over arithmophobia?": {
            "keywords": []
        },
        "What is the outlook for people with arithmophobia?": {
            "keywords": []
        },
        "What should I ask my doctor?": {
            "keywords": []
        }
    },
    {
        "name": "Astraphobia (Fear of Thunder and Lightning)",
        "description": "Astraphobia is the fear of thunder and lightning. It typically affects children, but many adults still deal with a fear of thunderstorms. Astraphobia is one of the most common specific phobias. Treatment such as talk therapy or medication can help you manage anxiety symptoms and live a higher quality of life.",
        "What is astraphobia?": {
            "keywords": []
        },
        "Who might get astraphobia?": {
            "keywords": []
        },
        "How common is astraphobia?": {
            "keywords": []
        },
        "What causes astraphobia?": {
            "keywords": []
        },
        "What are the symptoms of astraphobia?": {
            "keywords": [
                "nausea",
                "shortness of breath",
                "heart palpitations"
            ]
        },
        "How is astraphobia diagnosed?": {
            "keywords": []
        },
        "How is astraphobia treated?": {
            "keywords": [
                "panic attack",
                "medication",
                "exposure therapy"
            ]
        },
        "How can I help a child who has astraphobia?": {
            "keywords": []
        },
        "Are there long-term effects from astraphobia?": {
            "keywords": []
        },
        "What else should I ask my doctor?": {
            "keywords": []
        },
        "How can I get over a fear of thunderstorms?": {
            "keywords": []
        }
    },
    {
        "name": "Ataxophobia (Fear of Untidiness or Disorder)",
        "description": "Ataxophobia is an extreme, irrational fear of disorder or untidiness. People may feel intense distress in messy environments or even while thinking about disorder. This specific phobia is closely linked with obsessive-compulsive disorder (OCD). Several treatments can provide relief, including therapy, medication and stress management techniques.",
        "What is ataxophobia?": {
            "keywords": []
        },
        "Who might get ataxophobia?": {
            "keywords": []
        },
        "How common is ataxophobia?": {
            "keywords": []
        },
        "What causes ataxophobia?": {
            "keywords": []
        },
        "What are the symptoms of ataxophobia?": {
            "keywords": [
                "nausea",
                "shortness of breath",
                "heart palpitations"
            ]
        },
        "How is ataxophobia diagnosed?": {
            "keywords": []
        },
        "How is ataxophobia treated?": {
            "keywords": [
                "panic attack",
                "medication",
                "exposure therapy"
            ]
        },
        "Are there other conditions that put me at risk of ataxophobia?": {
            "keywords": []
        },
        "Are there long-term effects of ataxophobia?": {
            "keywords": []
        },
        "What else should I ask my doctor?": {
            "keywords": []
        }
    },
    {
        "name": "Atelophobia (Fear of Imperfection)",
        "description": "Atelophobia is an obsessive fear of imperfection. Someone with this condition is terrified of making mistakes. They tend to avoid any situation where they feel they won\u2019t succeed. Atelophobia can lead to anxiety, depression and low self-esteem.",
        "What is atelophobia?": {
            "keywords": []
        },
        "Are atelophobia and perfectionism the same?": {
            "keywords": []
        },
        "How common is atelophobia?": {
            "keywords": []
        },
        "What causes atelophobia?": {
            "keywords": []
        },
        "What are the symptoms of atelophobia?": {
            "keywords": [
                "trembling",
                "heart palpitations",
                "upset stomach",
                "lightheaded",
                "upset stomach or indigestion",
                "nausea",
                "shortness of breath",
                "chills",
                "panic attack",
                "excessive sweating"
            ]
        },
        "How is atelophobia diagnosed?": {
            "keywords": []
        },
        "How is atelophobia managed or treated?": {
            "keywords": [
                "panic attack",
                "medication",
                "exposure therapy"
            ]
        },
        "Is there a way to prevent atelophobia?": {
            "keywords": []
        },
        "What\u2019s the prognosis (outlook) for people with atelophobia?": {
            "keywords": []
        },
        "When should I call the doctor?": {
            "keywords": []
        },
        "What questions should I ask my doctor?": {
            "keywords": []
        }
    },
    {
        "name": "Atychiphobia (Fear of Failure)",
        "description": "Atychiphobia is an intense fear of failure. It may cause you to put off or avoid any activity or scenario that has the potential for an unsuccessful outcome. Someone with this condition may be scared to try new things, take risks or embrace growth for fear of failure.",
        "What is atychiphobia?": {
            "keywords": []
        },
        "Are atychiphobia and perfectionism the same?": {
            "keywords": []
        },
        "How common is atychiphobia?": {
            "keywords": []
        },
        "What causes atychiphobia?": {
            "keywords": []
        },
        "What are the symptoms of atychiphobia?": {
            "keywords": [
                "trembling",
                "heart palpitations",
                "upset stomach",
                "lightheaded",
                "upset stomach or indigestion",
                "nausea",
                "shortness of breath",
                "chills",
                "panic attack",
                "excessive sweating"
            ]
        },
        "How is atychiphobia diagnosed?": {
            "keywords": []
        },
        "How is atychiphobia managed or treated?": {
            "keywords": [
                "fear and anxiety",
                "medication",
                "exposure therapy",
                "psychotherapy"
            ]
        },
        "Is there a way to prevent atychiphobia?": {
            "keywords": []
        },
        "What\u2019s the prognosis (outlook) for people with atychiphobia?": {
            "keywords": []
        },
        "When should I call the doctor?": {
            "keywords": []
        }
    },
    {
        "name": "Autophobia (Fear of Being Alone)",
        "description": "Autophobia, or monophobia, makes you feel extremely anxious when you\u2019re alone. This fear of being alone can affect your relationships, social life and career. You may also have a fear of abandonment that stems from a traumatic childhood experience. Psychotherapy (talk therapy) can help you overcome a fear of being alone.",
        "What is autophobia (fear of being alone)?": {
            "keywords": []
        },
        "What\u2019s the difference between fear of being alone and loneliness?": {
            "keywords": []
        },
        "How common is autophobia (monophobia)?": {
            "keywords": []
        },
        "Who is at risk for autophobia (monophobia)?": {
            "keywords": []
        },
        "Why do I have a fear of being alone?": {
            "keywords": []
        },
        "What are autophobia (monophobia) symptoms?": {
            "keywords": [
                "trembling",
                "heart palpitations",
                "upset stomach",
                "lightheaded",
                "upset stomach or indigestion",
                "nausea",
                "shortness of breath",
                "chills",
                "excessive sweating"
            ]
        },
        "How is autophobia (monophobia) diagnosed?": {
            "keywords": []
        },
        "What is the treatment for autophobia (monophobia)?": {
            "keywords": [
                "medication",
                "exposure therapy",
                "psychotherapy"
            ]
        },
        "What are the complications of autophobia (monophobia)?": {
            "keywords": []
        },
        "When should I call the doctor?": {
            "keywords": []
        },
        "What questions should I ask my doctor?": {
            "keywords": []
        }
    }
]