[
    {
        "name": "Dendrophobia (Fear of Trees)",
        "description": "Dendrophobia is a fear of trees. People with this specific phobia feel anxious when they think about or see a tree. Many people with tree phobia have had negative experiences with trees. You can overcome a phobia of trees with exposure therapy, cognitive behavioral therapy, dialectical behavior therapy and other treatments.",
        "What is dendrophobia?": {
            "keywords": []
        },
        "How common is dendrophobia?": {
            "keywords": []
        },
        "What does a person with dendrophobia fear?": {
            "keywords": []
        },
        "Who is at risk for dendrophobia?": {
            "keywords": []
        },
        "What other phobias are associated with dendrophobia?": {
            "keywords": []
        },
        "What are the causes of dendrophobia?": {
            "keywords": []
        },
        "What are dendrophobia triggers?": {
            "keywords": []
        },
        "What are dendrophobia symptoms?": {
            "keywords": [
                "trembling",
                "heart palpitations",
                "upset stomach",
                "lightheaded",
                "upset stomach or indigestion",
                "nausea",
                "shortness of breath",
                "chills",
                "excessive sweating"
            ]
        },
        "How is dendrophobia diagnosed?": {
            "keywords": []
        },
        "What are dendrophobia treatments?": {
            "keywords": [
                "exposure therapy",
                "psychotherapy"
            ]
        },
        "What are other dendrophobia solutions?": {
            "keywords": []
        },
        "What are the complications of dendrophobia?": {
            "keywords": []
        },
        "When should I call the doctor?": {
            "keywords": []
        },
        "What questions should I ask my doctor?": {
            "keywords": []
        }
    },
    {
        "name": "Dentophobia (Fear of Dentists)",
        "description": "Dentophobia is a fear of the dentist. People with this specific phobia feel anxious when they think about going to the dentist or actually visit the dentist. Past negative experiences, family history or feeling a loss of control can lead to dentophobia. Exposure therapy, guided imagery and relaxation techniques can help you overcome this disorder.",
        "What is dentophobia?": {
            "keywords": []
        },
        "What is the difference between dentophobia (fear of dentists) and severe fear of dental treatment?": {
            "keywords": []
        },
        "How common are dentophobia and dental fear?": {
            "keywords": []
        },
        "What does a person with dentophobia fear?": {
            "keywords": []
        },
        "Who is at risk for dentophobia?": {
            "keywords": []
        },
        "What other phobias are associated with dentophobia?": {
            "keywords": []
        },
        "What are the causes of dentophobia?": {
            "keywords": []
        },
        "What are dentophobia triggers?": {
            "keywords": []
        },
        "What are dentophobia symptoms?": {
            "keywords": [
                "trembling",
                "heart palpitations",
                "upset stomach",
                "lightheaded",
                "upset stomach or indigestion",
                "nausea",
                "shortness of breath",
                "chills",
                "excessive sweating"
            ]
        },
        "How is dentophobia diagnosed?": {
            "keywords": []
        },
        "What are dentophobia treatments?": {
            "keywords": [
                "exposure therapy",
                "psychotherapy"
            ]
        },
        "What are other dentophobia solutions?": {
            "keywords": []
        },
        "What are the complications of dentophobia?": {
            "keywords": []
        },
        "How can dentophobia affect my well-being?": {
            "keywords": []
        },
        "How can I best learn to cope with dentophobia during a dental visit?": {
            "keywords": []
        },
        "When should I call the doctor?": {
            "keywords": []
        },
        "Is dentophobia real?": {
            "keywords": []
        },
        "How can I find a dentist who understands dentophobia?": {
            "keywords": []
        }
    },
    {
        "name": "Dystychiphobia (Fear of Accidents)",
        "description": "Dystychiphobia is a fear of accidents. With this specific phobia, you may feel anxious when you think about or see a place where you fear an accident may happen. Many people with this fear have had past traumatic experiences with accidents. You can overcome fear of accidents with exposure therapy, cognitive behavioral therapy and other treatments.",
        "What is dystychiphobia?": {
            "keywords": []
        },
        "How common is dystychiphobia?": {
            "keywords": []
        },
        "What does a person with dystychiphobia fear?": {
            "keywords": []
        },
        "Who is at risk for dystychiphobia?": {
            "keywords": []
        },
        "What other phobias are associated with dystychiphobia?": {
            "keywords": []
        },
        "What are the causes of dystychiphobia?": {
            "keywords": []
        },
        "What are dystychiphobia triggers?": {
            "keywords": []
        },
        "What are dystychiphobia symptoms?": {
            "keywords": [
                "trembling",
                "heart palpitations",
                "upset stomach",
                "lightheaded",
                "upset stomach or indigestion",
                "nausea",
                "shortness of breath",
                "chills",
                "excessive sweating"
            ]
        },
        "How is dystychiphobia diagnosed?": {
            "keywords": []
        },
        "What are dystychiphobia treatments?": {
            "keywords": [
                "exposure therapy"
            ]
        },
        "What are other dystychiphobia solutions?": {
            "keywords": []
        },
        "What are the complications of dystychiphobia?": {
            "keywords": []
        },
        "When should I call the doctor?": {
            "keywords": []
        }
    }
]