[
    {
        "name": "Barophobia (Fear of Gravity)",
        "description": "People with barophobia fear gravity. They worry that gravity will cause a fall that leads to serious injury or death. Or they fear that gravity may topple a heavy object onto them. A person with barophobia may also be frightened of images of outer space where gravity doesn\u2019t exist. A traumatic accident may cause a fear of gravity. Psychotherapies can help.",
        "What is barophobia?": {
            "keywords": []
        },
        "What do people with barophobia fear?": {
            "keywords": []
        },
        "How common is barophobia?": {
            "keywords": []
        },
        "Who is at risk for barophobia?": {
            "keywords": []
        },
        "What other phobias are associated with fear of gravity?": {
            "keywords": []
        },
        "Why do I have a fear of gravity?": {
            "keywords": []
        },
        "What are the symptoms of barophobia?": {
            "keywords": [
                "trembling",
                "heart palpitations",
                "upset stomach",
                "lightheaded",
                "upset stomach or indigestion",
                "nausea",
                "shortness of breath",
                "chills",
                "excessive sweating"
            ]
        },
        "How is barophobia diagnosed?": {
            "keywords": []
        },
        "What is barophobia treatment?": {
            "keywords": [
                "medication",
                "exposure therapy",
                "psychotherapy"
            ]
        },
        "What are the complications of barophobia?": {
            "keywords": []
        },
        "When should I call the doctor?": {
            "keywords": []
        }
    },
    {
        "name": "Bathmophobia (Fear of Stairs)",
        "description": "Bathmophobia is a fear of stairs. You may be afraid of falling down a set of stairs or a steep incline. A traumatic accident involving a fall, injury or death may cause this specific phobic disorder. Stairs exist in many places, making them hard to avoid. You can overcome this fear of stairs with the help of psychotherapies.",
        "What is bathmophobia?": {
            "keywords": []
        },
        "What do people with bathmophobia fear?": {
            "keywords": []
        },
        "How common is bathmophobia?": {
            "keywords": []
        },
        "What is the difference between bathmophobia and climacophobia?": {
            "keywords": []
        },
        "Who is at risk for bathmophobia?": {
            "keywords": []
        },
        "What other phobias are associated with bathmophobia?": {
            "keywords": []
        },
        "Why do I have a fear of stairs and slopes?": {
            "keywords": []
        },
        "What are bathmophobia symptoms?": {
            "keywords": [
                "trembling",
                "heart palpitations",
                "upset stomach",
                "lightheaded",
                "upset stomach or indigestion",
                "nausea",
                "shortness of breath",
                "chills",
                "excessive sweating"
            ]
        },
        "How is bathmophobia diagnosed?": {
            "keywords": []
        },
        "What is bathmophobia treatment?": {
            "keywords": [
                "medication",
                "exposure therapy",
                "psychotherapy"
            ]
        },
        "What are the complications of bathmophobia?": {
            "keywords": []
        },
        "When should I call the doctor?": {
            "keywords": []
        }
    },
    {
        "name": "Bibliophobia (Fear of Books)",
        "description": "Bibliophobia is an intense fear of books or reading. It\u2019s a type of anxiety disorder. Books are almost everywhere, and they\u2019re difficult to avoid. Bibliophobia can cause physical symptoms, disrupt daily life, and affect success in school and work. Exposure therapy, cognitive behavioral therapy and other treatments can help.",
        "What is bibliophobia?": {
            "keywords": []
        },
        "How common is bibliophobia?": {
            "keywords": []
        },
        "Are there different types of bibliophobia?": {
            "keywords": []
        },
        "What causes a fear of books?": {
            "keywords": []
        },
        "What are the symptoms of book phobia?": {
            "keywords": []
        },
        "How is bibliophobia diagnosed?": {
            "keywords": []
        },
        "What are the treatments for bibliophobia?": {
            "keywords": [
                "medication",
                "exposure therapy",
                "psychotherapy"
            ]
        },
        "How can I reduce my risk of bibliophobia?": {
            "keywords": []
        },
        "Can bibliophobia be cured?": {
            "keywords": []
        },
        "How can I best learn to cope with a fear of books?": {
            "keywords": []
        }
    },
    {
        "name": "Botanophobia (Fear of Plants)",
        "description": "Botanophobia is an intense fear of plants. People with botanophobia may believe that plants are harmful or dangerous and so avoid them. Severe cases can cause symptoms of anxiety and affect daily life. Treatments include exposure therapy, cognitive behavioral therapy, hypnosis and anti-anxiety medications.",
        "What is botanophobia?": {
            "keywords": []
        },
        "How common is it?": {
            "keywords": []
        },
        "Are there different types of botanophobia?": {
            "keywords": []
        },
        "What causes a fear of plants?": {
            "keywords": []
        },
        "What are the symptoms of botanophobia?": {
            "keywords": [
                "trembling",
                "heart palpitations",
                "upset stomach",
                "lightheaded",
                "upset stomach or indigestion",
                "nausea",
                "shortness of breath",
                "chills",
                "excessive sweating"
            ]
        },
        "How is botanophobia diagnosed?": {
            "keywords": []
        },
        "How do I get rid of botanophobia?": {
            "keywords": []
        },
        "How can I reduce my risk of botanophobia?": {
            "keywords": []
        },
        "Can botanophobia be cured?": {
            "keywords": []
        },
        "How can I best learn to cope with botanophobia?": {
            "keywords": []
        }
    }
]