[
    {
        "name": "Iatrophobia (Fear of Doctors)",
        "description": "Iatrophobia causes you to fear doctors or medical tests. You may avoid seeking medical care even when you\u2019re very sick because you have extreme anxiety or panic attacks. The thought of getting medical tests also causes fear. Therapy can help ensure you get the medical care you may need.",
        "What is iatrophobia?": {
            "keywords": []
        },
        "How common is iatrophobia?": {
            "keywords": []
        },
        "Who is at risk for iatrophobia (fear of doctors)?": {
            "keywords": []
        },
        "What causes iatrophobia?": {
            "keywords": []
        },
        "What other phobias are associated with iatrophobia?": {
            "keywords": []
        },
        "What are the symptoms of iatrophobia?": {
            "keywords": [
                "nausea",
                "trembling",
                "heart palpitations"
            ]
        },
        "How is iatrophobia diagnosed?": {
            "keywords": []
        },
        "How do you treat iatrophobia?": {
            "keywords": [
                "exposure therapy",
                "psychotherapy"
            ]
        },
        "How can you manage iatrophobia?": {
            "keywords": []
        },
        "What are the complications of iatrophobia?": {
            "keywords": []
        },
        "When should I seek help?": {
            "keywords": []
        },
        "What questions should I ask?": {
            "keywords": []
        }
    }
]