[
    {
        "name": "Koinoniphobia (Fear of Rooms or People in Rooms)",
        "description": "Koinoniphobia is a fear of rooms or people in rooms. People with this phobia often go out of their way to avoid being in a room, especially a room full of people. It may make them feel out of control or stressed. But you don\u2019t have to live your life this way. Therapy can offer help.",
        "What is koinoniphobia?": {
            "keywords": []
        },
        "Do I have koinoniphobia?": {
            "keywords": []
        },
        "What causes koinoniphobia?": {
            "keywords": []
        },
        "What are koinoniphobia symptoms?": {
            "keywords": [
                "nausea",
                "shortness of breath",
                "upset stomach"
            ]
        },
        "How is koinoniphobia diagnosed?": {
            "keywords": []
        },
        "What is koinoniphobia treatment like?": {
            "keywords": [
                "exposure therapy"
            ]
        },
        "Can other treatments help me cope with koinoniphobia?": {
            "keywords": []
        },
        "Is there anything I can do to prevent koinoniphobia?": {
            "keywords": []
        },
        "What is the outlook for people with koinoniphobia?": {
            "keywords": []
        },
        "What else is important to know about living with koinoniphobia?": {
            "keywords": []
        }
    }
]