[
    {
        "name": "Obesophobia (Fear of Gaining Weight)",
        "description": "Obesophobia, or pocrescophobia, is an intense fear of gaining weight. Many people think about their weight and go on diets often. But people with obesophobia go to extremes, such as undereating, starving, over-exercising or avoiding activities involving food. Even if they\u2019re underweight or malnourished, they may still fear weight gain.",
        "What is obesophobia?": {
            "keywords": []
        },
        "How common is obesophobia?": {
            "keywords": []
        },
        "What\u2019s the difference between obesophobia and eating disorders?": {
            "keywords": []
        },
        "What causes a fear of gaining weight?": {
            "keywords": []
        },
        "What are the symptoms of obesophobia?": {
            "keywords": [
                "trembling",
                "heart palpitations",
                "upset stomach",
                "lightheaded",
                "upset stomach or indigestion",
                "nausea",
                "shortness of breath",
                "chills",
                "excessive sweating"
            ]
        },
        "How is obesophobia diagnosed?": {
            "keywords": []
        },
        "What are the treatments for obesophobia?": {
            "keywords": [
                "medication",
                "exposure therapy",
                "psychotherapy"
            ]
        },
        "How can I reduce my risk of obesophobia?": {
            "keywords": []
        },
        "Can obesophobia be cured?": {
            "keywords": []
        },
        "How can I best learn to cope with a fear of getting fat?": {
            "keywords": []
        }
    },
    {
        "name": "Octophobia (Fear of the Number 8)",
        "description": "Octophobia is an intense, irrational fear of the number 8. People with this specific phobia may go to great lengths to avoid seeing the number, perhaps even isolating at home. Anxiety associated with octophobia can interfere with education, job responsibilities, personal relationships and daily tasks. But certain types of therapy can help.",
        "What is octophobia?": {
            "keywords": []
        },
        "How common is fear of the number 8?": {
            "keywords": []
        },
        "Are there other fears related to octophobia?": {
            "keywords": []
        },
        "What causes a fear of the number 8?": {
            "keywords": []
        },
        "What are the symptoms of octophobia?": {
            "keywords": [
                "nausea",
                "shortness of breath",
                "trembling"
            ]
        },
        "How is octophobia diagnosed?": {
            "keywords": []
        },
        "How do I get rid of octophobia?": {
            "keywords": []
        },
        "How can I reduce my risk of octophobia?": {
            "keywords": []
        },
        "Can octophobia be cured?": {
            "keywords": []
        },
        "How can I best learn to cope with a fear of the number 8?": {
            "keywords": []
        }
    },
    {
        "name": "Ombrophobia (Fear of Rain)",
        "description": "Ombrophobia is an intense fear of rain, from intense weather to a drizzle. An ombrophobe might worry about acid rain, germs in rain, floods or other dangers. Ombrophobia is a type of anxiety disorder that can cause symptoms and emotions that affect daily life. But certain types of therapy and medications can help.",
        "What is ombrophobia?": {
            "keywords": []
        },
        "How common is fear of rain?": {
            "keywords": []
        },
        "What other fears are related to ombrophobia?": {
            "keywords": []
        },
        "What causes a fear of rain?": {
            "keywords": []
        },
        "What are the symptoms of ombrophobia?": {
            "keywords": [
                "nausea",
                "shortness of breath",
                "trembling"
            ]
        },
        "How is ombrophobia diagnosed?": {
            "keywords": []
        },
        "How do I get rid of ombrophobia?": {
            "keywords": []
        },
        "How can I reduce my risk of ombrophobia?": {
            "keywords": []
        },
        "Can ombrophobia be cured?": {
            "keywords": []
        },
        "How can I best learn to cope with a fear of rain?": {
            "keywords": []
        }
    },
    {
        "name": "Ophidiophobia (Fear of Snakes)",
        "description": "Ophidiophobia is an extreme, overwhelming fear of snakes. It\u2019s more intense than the common, generalized fear of snakes. Ophidiophobia is an anxiety disorder that interferes with your daily life or sense of safety. Treatments such as exposure therapy and cognitive behavioral therapy can be effective in controlling the symptoms of ophidiophobia.",
        "What is ophidiophobia?": {
            "keywords": []
        },
        "How common is an intense fear of snakes?": {
            "keywords": []
        },
        "Are there other fears related to ophidiophobia?": {
            "keywords": []
        },
        "What causes a fear of snakes?": {
            "keywords": []
        },
        "What are the symptoms of snake phobia?": {
            "keywords": [
                "nausea",
                "shortness of breath",
                "trembling"
            ]
        },
        "How is ophidiophobia diagnosed?": {
            "keywords": []
        },
        "How do I get over a fear of snakes?": {
            "keywords": [
                "medication",
                "exposure therapy",
                "psychotherapy"
            ]
        },
        "How can I reduce my risk of ophidiophobia?": {
            "keywords": []
        },
        "Can ophidiophobia be cured?": {
            "keywords": []
        },
        "How can I best learn to cope with a fear of snakes?": {
            "keywords": []
        }
    },
    {
        "name": "Ornithophobia (Fear of Birds)",
        "description": "Ornithophobia is a fear of birds. A scary experience with birds may make you fearful of them. Birds are everywhere. If you find yourself staying indoors and avoiding places with birds, a mental health specialist can help. Treatments like exposure therapy can help you gradually overcome this fear and enjoy nature.",
        "What is ornithophobia?": {
            "keywords": []
        },
        "What do people with ornithophobia fear?": {
            "keywords": []
        },
        "How common is ornithophobia?": {
            "keywords": []
        },
        "Who is at risk for ornithophobia?": {
            "keywords": []
        },
        "What other phobias are associated with a fear of birds?": {
            "keywords": []
        },
        "Why do I have a fear of birds?": {
            "keywords": []
        },
        "What are ornithophobia symptoms?": {
            "keywords": [
                "nausea",
                "shortness of breath",
                "trembling"
            ]
        },
        "How is ornithophobia diagnosed?": {
            "keywords": []
        },
        "What is ornithophobia treatment?": {
            "keywords": [
                "medication",
                "exposure therapy",
                "psychotherapy"
            ]
        },
        "What are the complications of ornithophobia?": {
            "keywords": []
        },
        "When should I call the doctor?": {
            "keywords": []
        },
        "What questions should I ask my doctor?": {
            "keywords": []
        }
    }
]