[
    {
        "name": "Leukophobia (Fear of the Color White)",
        "description": "With leukophobia, fear of the color white takes over your life. Seeing or thinking of this color can make you feel sick. You may go out of your way to avoid it. Exposure therapy may help you overcome this condition.",
        "What is leukophobia?": {
            "keywords": []
        },
        "What does it feel like to have leukophobia?": {
            "keywords": []
        },
        "What are leukophobia causes?": {
            "keywords": []
        },
        "What are leukophobia symptoms?": {
            "keywords": [
                "nausea",
                "excessive sweating"
            ]
        },
        "How is leukophobia diagnosed?": {
            "keywords": []
        },
        "What is leukophobia treatment like?": {
            "keywords": [
                "exposure therapy"
            ]
        },
        "Can other treatments help me cope with leukophobia?": {
            "keywords": []
        },
        "Is there anything I can do to prevent leukophobia?": {
            "keywords": []
        },
        "What is the outlook for people with leukophobia?": {
            "keywords": []
        },
        "What else is important to know about leukophobia?": {
            "keywords": []
        }
    },
    {
        "name": "Lilapsophobia (Fear of Tornadoes or Hurricanes)",
        "description": "Phobias are intense fears that can affect your daily life and worsen over time. Lilapsophobia is an unhealthy fear of tornadoes or hurricanes. Exposure therapy is the most common treatment. It can help lessen the impact of lilapsophobia on your daily life.",
        "What is lilapsophobia?": {
            "keywords": []
        },
        "Do I have lilapsophobia?": {
            "keywords": []
        },
        "What causes lilapsophobia?": {
            "keywords": []
        },
        "What are lilapsophobia symptoms?": {
            "keywords": [
                "nausea"
            ]
        },
        "How is lilapsophobia diagnosed?": {
            "keywords": []
        },
        "What is lilapsophobia treatment like?": {
            "keywords": [
                "medication",
                "exposure therapy"
            ]
        },
        "Is there anything I can do to prevent lilapsophobia?": {
            "keywords": []
        },
        "What is the outlook for people with lilapsophobia?": {
            "keywords": []
        },
        "What else is important to know about living with lilapsophobia?": {
            "keywords": []
        }
    }
]