[
    {
        "name": "Haphephobia (Fear of Being Touched)",
        "description": "Haphephobia is an intense, irrational fear of being touched. It is different from hypersensitivity, which is physical pain associated with being touched. People with haphephobia feel extreme distress over the thought of being touched. This anxiety can lead to physical symptoms like nausea, vomiting or panic attacks.",
        "What is haphephobia?": {
            "keywords": []
        },
        "What does haphephobia feel like?": {
            "keywords": []
        },
        "Who might get haphephobia?": {
            "keywords": []
        },
        "How common is haphephobia?": {
            "keywords": []
        },
        "What causes haphephobia?": {
            "keywords": []
        },
        "What are the symptoms of haphephobia?": {
            "keywords": [
                "panic attack",
                "nausea",
                "heart palpitations"
            ]
        },
        "How is haphephobia diagnosed?": {
            "keywords": []
        },
        "How is haphephobia treated?": {
            "keywords": [
                "panic attack",
                "medication",
                "exposure therapy"
            ]
        },
        "How can I manage haphephobia symptoms?": {
            "keywords": []
        },
        "How can I reduce my risk of haphephobia?": {
            "keywords": []
        },
        "What is the outlook for people with haphephobia?": {
            "keywords": []
        },
        "What else should I ask my doctor?": {
            "keywords": []
        },
        "Is haphephobia related to autism?": {
            "keywords": []
        }
    }
]